{
  "device": "mps",
  "sample_fps": 1.0,
  "use_cache": false,
  "elapsed_s": 165.52182041713968,
  "per_video": [
    {
      "video": "data/videos/testvideo.mp4",
      "frames_sampled": 66,
      "extract_audio_s": 0.20351620810106397,
      "iter_frames_s": 3.9552857868839055,
      "ocr_s": 34.20265637617558,
      "dedup_s": 0.571365712210536,
      "ocr_n_calls": 18.0,
      "dedup_skipped": 48.0,
      "transcribe_s": 1.7436991669237614,
      "encode_text_s": 0.9171052500605583,
      "encode_audio_s": 0.47807920910418034,
      "encode_video_s": 3.0036324579268694,
      "wall_s": 45.40260187489912
    },
    {
      "video": "data/videos/testvideo_copy1.mp4",
      "frames_sampled": 66,
      "extract_audio_s": 0.16212866688147187,
      "iter_frames_s": 4.0289245885796845,
      "ocr_s": 28.097651584306732,
      "dedup_s": 0.6736841255333275,
      "ocr_n_calls": 18.0,
      "dedup_skipped": 48.0,
      "transcribe_s": 2.302643084200099,
      "encode_text_s": 0.7829186671879143,
      "encode_audio_s": 0.4263971250038594,
      "encode_video_s": 2.788641332881525,
      "wall_s": 39.58945720898919
    },
    {
      "video": "data/videos/testvideo_copy2.mp4",
      "frames_sampled": 66,
      "extract_audio_s": 0.14432141720317304,
      "iter_frames_s": 3.7474649590440094,
      "ocr_s": 27.949691707501188,
      "dedup_s": 0.6120238313451409,
      "ocr_n_calls": 18.0,
      "dedup_skipped": 48.0,
      "transcribe_s": 1.8348220828920603,
      "encode_text_s": 0.664091750048101,
      "encode_audio_s": 0.37808016617782414,
      "encode_video_s": 3.262830500025302,
      "wall_s": 38.93643504194915
    },
    {
      "video": "data/videos/testvideo_copy3.mp4",
      "frames_sampled": 66,
      "extract_audio_s": 0.13901341590099037,
      "iter_frames_s": 4.393018040806055,
      "ocr_s": 30.303428748855367,
      "dedup_s": 0.6309332551900297,
      "ocr_n_calls": 18.0,
      "dedup_skipped": 48.0,
      "transcribe_s": 1.5570072080008686,
      "encode_text_s": 0.7205118341371417,
      "encode_audio_s": 0.42459700000472367,
      "encode_video_s": 3.019998834002763,
      "wall_s": 41.59044012497179
    }
  ],
  "aggregates": {
    "dedup_s": {
      "n": 4,
      "total_s": 2.488006924279034,
      "mean_s": 0.6220017310697585,
      "median_s": 0.6214785432675853,
      "min_s": 0.571365712210536,
      "max_s": 0.6736841255333275
    },
    "encode_audio_s": {
      "n": 4,
      "total_s": 1.7071535002905875,
      "mean_s": 0.4267883750726469,
      "median_s": 0.42549706250429153,
      "min_s": 0.37808016617782414,
      "max_s": 0.47807920910418034
    },
    "encode_text_s": {
      "n": 4,
      "total_s": 3.0846275014337152,
      "mean_s": 0.7711568753584288,
      "median_s": 0.751715250662528,
      "min_s": 0.664091750048101,
      "max_s": 0.9171052500605583
    },
    "encode_video_s": {
      "n": 4,
      "total_s": 12.07510312483646,
      "mean_s": 3.018775781209115,
      "median_s": 3.011815645964816,
      "min_s": 2.788641332881525,
      "max_s": 3.262830500025302
    },
    "extract_audio_s": {
      "n": 4,
      "total_s": 0.6489797080866992,
      "mean_s": 0.1622449270216748,
      "median_s": 0.15322504204232246,
      "min_s": 0.13901341590099037,
      "max_s": 0.20351620810106397
    },
    "iter_frames_s": {
      "n": 4,
      "total_s": 16.124693375313655,
      "mean_s": 4.031173343828414,
      "median_s": 3.992105187731795,
      "min_s": 3.7474649590440094,
      "max_s": 4.393018040806055
    },
    "ocr_s": {
      "n": 4,
      "total_s": 120.55342841683887,
      "mean_s": 30.138357104209717,
      "median_s": 29.20054016658105,
      "min_s": 27.949691707501188,
      "max_s": 34.20265637617558
    },
    "transcribe_s": {
      "n": 4,
      "total_s": 7.438171542016789,
      "mean_s": 1.8595428855041973,
      "median_s": 1.7892606249079108,
      "min_s": 1.5570072080008686,
      "max_s": 2.302643084200099
    },
    "wall_s": {
      "n": 4,
      "total_s": 165.51893425080925,
      "mean_s": 41.37973356270231,
      "median_s": 40.58994866698049,
      "min_s": 38.93643504194915,
      "max_s": 45.40260187489912
    }
  }
}