{
  "device": "mps",
  "sample_fps": 1.0,
  "elapsed_s": 674.9520691249054,
  "per_video": [
    {
      "video": "data/videos/testvideo.mp4",
      "frames_sampled": 66,
      "extract_audio_s": 0.19981591682881117,
      "iter_frames_s": 5.726314540486783,
      "ocr_s": 170.08851466327906,
      "ocr_n_calls": 66.0,
      "transcribe_s": 16.44371824990958,
      "encode_text_s": 0.3307384999934584,
      "encode_audio_s": 0.161678709089756,
      "encode_video_s": 3.192565457895398,
      "wall_s": 197.4026936669834
    },
    {
      "video": "data/videos/testvideo_copy1.mp4",
      "frames_sampled": 66,
      "extract_audio_s": 0.2571546668186784,
      "iter_frames_s": 5.039161170599982,
      "ocr_s": 133.54660400282592,
      "ocr_n_calls": 66.0,
      "transcribe_s": 16.38477704185061,
      "encode_text_s": 0.36245625000447035,
      "encode_audio_s": 0.10653091594576836,
      "encode_video_s": 3.7135705000255257,
      "wall_s": 162.08580224984325
    },
    {
      "video": "data/videos/testvideo_copy2.mp4",
      "frames_sampled": 66,
      "extract_audio_s": 0.29878470790572464,
      "iter_frames_s": 5.3922234969213605,
      "ocr_s": 138.90880266670138,
      "ocr_n_calls": 66.0,
      "transcribe_s": 14.00049320794642,
      "encode_text_s": 0.3202027501538396,
      "encode_audio_s": 0.14669291605241597,
      "encode_video_s": 3.4136558331083506,
      "wall_s": 163.2389601659961
    },
    {
      "video": "data/videos/testvideo_copy3.mp4",
      "frames_sampled": 66,
      "extract_audio_s": 0.16586079122498631,
      "iter_frames_s": 4.440091000171378,
      "ocr_s": 127.99844174599275,
      "ocr_n_calls": 66.0,
      "transcribe_s": 14.779633540892974,
      "encode_text_s": 0.30967283388599753,
      "encode_audio_s": 0.103622583206743,
      "encode_video_s": 3.432643417036161,
      "wall_s": 152.22157100006007
    }
  ],
  "aggregates": {
    "encode_audio_s": {
      "n": 4,
      "total_s": 0.5185251242946833,
      "mean_s": 0.12963128107367083,
      "median_s": 0.12661191599909216,
      "min_s": 0.103622583206743,
      "max_s": 0.161678709089756
    },
    "encode_text_s": {
      "n": 4,
      "total_s": 1.3230703340377659,
      "mean_s": 0.33076758350944147,
      "median_s": 0.325470625073649,
      "min_s": 0.30967283388599753,
      "max_s": 0.36245625000447035
    },
    "encode_video_s": {
      "n": 4,
      "total_s": 13.752435208065435,
      "mean_s": 3.438108802016359,
      "median_s": 3.4231496250722557,
      "min_s": 3.192565457895398,
      "max_s": 3.7135705000255257
    },
    "extract_audio_s": {
      "n": 4,
      "total_s": 0.9216160827782005,
      "mean_s": 0.23040402069455013,
      "median_s": 0.22848529182374477,
      "min_s": 0.16586079122498631,
      "max_s": 0.29878470790572464
    },
    "iter_frames_s": {
      "n": 4,
      "total_s": 20.597790208179504,
      "mean_s": 5.149447552044876,
      "median_s": 5.215692333760671,
      "min_s": 4.440091000171378,
      "max_s": 5.726314540486783
    },
    "ocr_s": {
      "n": 4,
      "total_s": 570.5423630787991,
      "mean_s": 142.63559076969977,
      "median_s": 136.22770333476365,
      "min_s": 127.99844174599275,
      "max_s": 170.08851466327906
    },
    "transcribe_s": {
      "n": 4,
      "total_s": 61.608622040599585,
      "mean_s": 15.402155510149896,
      "median_s": 15.582205291371793,
      "min_s": 14.00049320794642,
      "max_s": 16.44371824990958
    },
    "wall_s": {
      "n": 4,
      "total_s": 674.9490270828828,
      "mean_s": 168.7372567707207,
      "median_s": 162.66238120791968,
      "min_s": 152.22157100006007,
      "max_s": 197.4026936669834
    }
  }
}