{
  "device": "mps",
  "sample_fps": 1.0,
  "elapsed_s": 236.1887593329884,
  "per_video": [
    {
      "video": "data/videos/testvideo.mp4",
      "frames_sampled": 66,
      "extract_audio_s": 0.1759672078769654,
      "iter_frames_s": 4.463460082886741,
      "ocr_s": 39.21155920694582,
      "dedup_s": 0.6114453361369669,
      "ocr_n_calls": 18.0,
      "dedup_skipped": 48.0,
      "transcribe_s": 15.377311416901648,
      "encode_text_s": 0.08101020799949765,
      "encode_audio_s": 0.1250144171062857,
      "encode_video_s": 3.1354130830150098,
      "wall_s": 63.63223316706717
    },
    {
      "video": "data/videos/testvideo_copy1.mp4",
      "frames_sampled": 66,
      "extract_audio_s": 0.22314712521620095,
      "iter_frames_s": 3.8560373808722943,
      "ocr_s": 31.292908002389595,
      "dedup_s": 0.5930661221500486,
      "ocr_n_calls": 18.0,
      "dedup_skipped": 48.0,
      "transcribe_s": 14.160055708140135,
      "encode_text_s": 0.03829870908521116,
      "encode_audio_s": 0.06680762488394976,
      "encode_video_s": 3.9178699168842286,
      "wall_s": 54.64265291695483
    },
    {
      "video": "data/videos/testvideo_copy2.mp4",
      "frames_sampled": 66,
      "extract_audio_s": 0.18466475000604987,
      "iter_frames_s": 4.164799834601581,
      "ocr_s": 33.89584592031315,
      "dedup_s": 0.6070490418933332,
      "ocr_n_calls": 18.0,
      "dedup_skipped": 48.0,
      "transcribe_s": 15.127366707893088,
      "encode_text_s": 0.06604425003752112,
      "encode_audio_s": 0.18763629207387567,
      "encode_video_s": 3.612290665972978,
      "wall_s": 58.43011041707359
    },
    {
      "video": "data/videos/testvideo_copy3.mp4",
      "frames_sampled": 66,
      "extract_audio_s": 0.3351437079254538,
      "iter_frames_s": 3.970929537899792,
      "ocr_s": 35.7943888772279,
      "dedup_s": 0.5819337905850261,
      "ocr_n_calls": 18.0,
      "dedup_skipped": 48.0,
      "transcribe_s": 15.016740666003898,
      "encode_text_s": 0.06408204208128154,
      "encode_audio_s": 0.1020136249717325,
      "encode_video_s": 2.8621704580727965,
      "wall_s": 59.47985937492922
    }
  ],
  "aggregates": {
    "dedup_s": {
      "n": 4,
      "total_s": 2.393494290765375,
      "mean_s": 0.5983735726913437,
      "median_s": 0.6000575820216909,
      "min_s": 0.5819337905850261,
      "max_s": 0.6114453361369669
    },
    "encode_audio_s": {
      "n": 4,
      "total_s": 0.4814719590358436,
      "mean_s": 0.1203679897589609,
      "median_s": 0.1135140210390091,
      "min_s": 0.06680762488394976,
      "max_s": 0.18763629207387567
    },
    "encode_text_s": {
      "n": 4,
      "total_s": 0.24943520920351148,
      "mean_s": 0.06235880230087787,
      "median_s": 0.06506314605940133,
      "min_s": 0.03829870908521116,
      "max_s": 0.08101020799949765
    },
    "encode_video_s": {
      "n": 4,
      "total_s": 13.527744123945013,
      "mean_s": 3.381936030986253,
      "median_s": 3.373851874493994,
      "min_s": 2.8621704580727965,
      "max_s": 3.9178699168842286
    },
    "extract_audio_s": {
      "n": 4,
      "total_s": 0.91892279102467,
      "mean_s": 0.2297306977561675,
      "median_s": 0.2039059376111254,
      "min_s": 0.1759672078769654,
      "max_s": 0.3351437079254538
    },
    "iter_frames_s": {
      "n": 4,
      "total_s": 16.455226836260408,
      "mean_s": 4.113806709065102,
      "median_s": 4.067864686250687,
      "min_s": 3.8560373808722943,
      "max_s": 4.463460082886741
    },
    "ocr_s": {
      "n": 4,
      "total_s": 140.19470200687647,
      "mean_s": 35.04867550171912,
      "median_s": 34.845117398770526,
      "min_s": 31.292908002389595,
      "max_s": 39.21155920694582
    },
    "transcribe_s": {
      "n": 4,
      "total_s": 59.68147449893877,
      "mean_s": 14.920368624734692,
      "median_s": 15.072053686948493,
      "min_s": 14.160055708140135,
      "max_s": 15.377311416901648
    },
    "wall_s": {
      "n": 4,
      "total_s": 236.1848558760248,
      "mean_s": 59.0462139690062,
      "median_s": 58.954984896001406,
      "min_s": 54.64265291695483,
      "max_s": 63.63223316706717
    }
  }
}